date,net_bps,n_positions,is_active
2021-01-01,0.0,0.0,False
2021-01-02,0.0,0.0,False
2021-01-03,0.0,0.0,False
2021-01-04,0.0,0.0,False
2021-01-05,0.0,0.0,False
2021-01-06,0.0,0.0,False
2021-01-07,0.0,0.0,False
2021-01-08,0.0,0.0,False
2021-01-09,0.0,0.0,False
2021-01-10,0.0,0.0,False
2021-01-11,0.0,0.0,False
2021-01-12,0.0,0.0,False
2021-01-13,0.0,0.0,False
2021-01-14,0.0,0.0,False
2021-01-15,0.0,0.0,False
2021-01-16,0.0,0.0,False
2021-01-17,0.0,0.0,False
2021-01-18,0.0,0.0,False
2021-01-19,0.0,0.0,False
2021-01-20,0.0,0.0,False
2021-01-21,0.0,0.0,False
2021-01-22,0.0,0.0,False
2021-01-23,0.0,0.0,False
2021-01-24,0.0,0.0,False
2021-01-25,0.0,0.0,False
2021-01-26,0.0,0.0,False
2021-01-27,0.0,0.0,False
2021-01-28,0.0,0.0,False
2021-01-29,0.0,0.0,False
2021-01-30,0.0,0.0,False
2021-01-31,0.0,0.0,False
2021-02-01,0.0,0.0,False
2021-02-02,0.0,0.0,False
2021-02-03,0.0,0.0,False
2021-02-04,0.0,0.0,False
2021-02-05,0.0,0.0,False
2021-02-06,0.0,0.0,False
2021-02-07,0.0,0.0,False
2021-02-08,0.0,0.0,False
2021-02-09,0.0,0.0,False
2021-02-10,0.0,0.0,False
2021-02-11,0.0,0.0,False
2021-02-12,0.0,0.0,False
2021-02-13,0.0,0.0,False
2021-02-14,0.0,0.0,False
2021-02-15,0.0,0.0,False
2021-02-16,0.0,0.0,False
2021-02-17,0.0,0.0,False
2021-02-18,0.0,0.0,False
2021-02-19,0.0,0.0,False
2021-02-20,0.0,0.0,False
2021-02-21,0.0,0.0,False
2021-02-22,0.0,0.0,False
2021-02-23,0.0,0.0,False
2021-02-24,0.0,0.0,False
2021-02-25,0.0,0.0,False
2021-02-26,0.0,0.0,False
2021-02-27,0.0,0.0,False
2021-02-28,0.0,0.0,False
2021-03-01,0.0,0.0,False
2021-03-02,0.0,0.0,False
2021-03-03,0.0,0.0,False
2021-03-04,0.0,0.0,False
2021-03-05,0.0,0.0,False
2021-03-06,0.0,0.0,False
2021-03-07,0.0,0.0,False
2021-03-08,0.0,0.0,False
2021-03-09,0.0,0.0,False
2021-03-10,0.0,0.0,False
2021-03-11,0.0,0.0,False
2021-03-12,0.0,0.0,False
2021-03-13,0.0,0.0,False
2021-03-14,0.0,0.0,False
2021-03-15,0.0,0.0,False
2021-03-16,0.0,0.0,False
2021-03-17,0.0,0.0,False
2021-03-18,0.0,0.0,False
2021-03-19,0.0,0.0,False
2021-03-20,0.0,0.0,False
2021-03-21,0.0,0.0,False
2021-03-22,0.0,0.0,False
2021-03-23,0.0,0.0,False
2021-03-24,0.0,0.0,False
2021-03-25,0.0,0.0,False
2021-03-26,0.0,0.0,False
2021-03-27,0.0,0.0,False
2021-03-28,0.0,0.0,False
2021-03-29,0.0,0.0,False
2021-03-30,0.0,0.0,False
2021-03-31,-350.19082608712534,2.0,True
2021-04-01,-267.98063222946286,2.0,True
2021-04-02,-1020.0704195171593,2.0,True
2021-04-03,736.3849153574122,2.0,True
2021-04-04,735.3268143183569,2.0,True
2021-04-05,690.2076356317834,2.0,True
2021-04-06,-555.1942196592472,2.0,True
2021-04-07,664.7567261223887,2.0,True
2021-04-08,-15.837720258210837,2.0,True
2021-04-09,-98.6499017086676,2.0,True
2021-04-10,-280.97202728289005,2.0,True
2021-04-11,757.3937843684023,2.0,True
2021-04-12,371.5918125326786,2.0,True
2021-04-13,-314.45114607927405,2.0,True
2021-04-14,613.3890090177509,2.0,True
2021-04-15,-618.4927796481535,2.0,True
2021-04-16,518.7259895162757,2.0,True
2021-04-17,-1292.0479431418594,2.0,True
2021-04-18,417.74398903432404,2.0,True
2021-04-19,421.76554557368263,2.0,True
2021-04-20,-183.25506344871656,2.0,True
2021-04-21,-1089.249746182268,2.0,True
2021-04-22,-275.1749410723107,2.0,True
2021-04-23,-27.03128495317594,2.0,True
2021-04-24,-100.14556582469169,2.0,True
2021-04-25,2111.7820502006216,2.0,True
2021-04-26,1580.0649303189466,2.0,True
2021-04-27,904.5916333058449,2.0,True
2021-04-28,11.094225327263587,2.0,True
2021-04-29,150.7348486992779,2.0,True
2021-04-30,814.1061346061349,2.0,True
2021-05-01,-383.53774308057064,2.0,True
2021-05-02,615.8776846372373,2.0,True
2021-05-03,-973.4738469612839,2.0,True
2021-05-04,702.4755041986332,2.0,True
2021-05-05,-187.87856096648213,2.0,True
2021-05-06,17.480355827269264,2.0,True
2021-05-07,1077.54690180512,2.0,True
2021-05-08,313.0857770781928,2.0,True
2021-05-09,-1226.3205110497186,2.0,True
2021-05-10,498.0955931120864,2.0,True
2021-05-11,-1451.771425358023,2.0,True
2021-05-12,1463.6585380817392,2.0,True
2021-05-13,712.1305949235925,2.0,True
2021-05-14,-626.9258557986499,2.0,True
2021-05-15,33.29345427071941,2.0,True
2021-05-16,-1006.1276029378555,2.0,True
2021-05-17,2203.0469586175977,2.0,True
2021-05-18,-3581.7497993296165,2.0,True
2021-05-19,1267.0678812985684,2.0,True
2021-05-20,-1573.1933265344787,2.0,True
2021-05-21,-662.1530692667291,2.0,True
2021-05-22,-1133.252905808668,2.0,True
2021-05-23,1032.157969429607,2.0,True
2021-05-24,441.31964040553106,2.0,True
2021-05-25,778.6272684618448,2.0,True
2021-05-26,-754.7628809962201,2.0,True
2021-05-27,-1171.1353146373142,2.0,True
2021-05-28,-377.6283511811749,2.0,True
2021-05-29,895.1738714908755,2.0,True
2021-05-30,765.5185956011248,2.0,True
2021-05-31,217.8465420670064,2.0,True
2021-06-01,441.0703278868258,2.0,True
2021-06-02,1521.5541650093214,2.0,True
2021-06-03,-890.765965706454,2.0,True
2021-06-04,-240.88199134206212,2.0,True
2021-06-05,436.25629427935934,2.0,True
2021-06-06,-930.9164658179778,2.0,True
2021-06-07,-208.74399318856462,2.0,True
2021-06-08,354.0002710268755,2.0,True
2021-06-09,258.0699355517427,2.0,True
2021-06-10,-598.2714266480713,2.0,True
2021-06-11,34.37350498622339,2.0,True
2021-06-12,726.7433897773915,2.0,True
2021-06-13,288.5628572071099,2.0,True
2021-06-14,-290.8523211986106,2.0,True
2021-06-15,-478.4808250486808,2.0,True
2021-06-16,-5.067011712962305,2.0,True
2021-06-17,-817.7913880674034,2.0,True
2021-06-18,-365.15115978280085,2.0,True
2021-06-19,-30.960148816604246,2.0,True
2021-06-20,-3361.216021266455,2.0,True
2021-06-21,-826.7813364834201,2.0,True
2021-06-22,1410.4755515180668,2.0,True
2021-06-23,58.87363303722382,2.0,True
2021-06-24,-940.3888278679315,2.0,True
2021-06-25,32.78044898245314,2.0,True
2021-06-26,455.3424347407811,2.0,True
2021-06-27,1174.8633773192398,2.0,True
2021-06-28,791.0248188082284,2.0,True
2021-06-29,208.0249109672252,2.0,True
2021-06-30,-45.81781391157813,2.0,True
2021-07-01,332.3997865530745,2.0,True
2021-07-02,443.7007915533755,2.0,True
2021-07-03,142.4245703407159,2.0,True
2021-07-04,-455.0133242490765,2.0,True
2021-07-05,338.21925813447143,2.0,True
2021-07-06,210.78043085951094,2.0,True
2021-07-07,-811.9458816864337,2.0,True
2021-07-08,464.01445061087696,2.0,True
2021-07-09,-568.6330602354953,2.0,True
2021-07-10,110.5010524829011,2.0,True
2021-07-11,-316.57228383859405,2.0,True
2021-07-12,184.47898316196,2.0,True
2021-07-13,-78.37218771981047,2.0,True
2021-07-14,-594.0701760256248,2.0,True
2021-07-15,-690.7548979006381,2.0,True
2021-07-16,-561.986915344406,2.0,True
2021-07-17,68.73917141372776,2.0,True
2021-07-18,-916.0156977946458,2.0,True
2021-07-19,-131.92458869222526,2.0,True
2021-07-20,782.3866872348974,2.0,True
2021-07-21,367.57324373792665,2.0,True
2021-07-22,299.8373043439519,2.0,True
2021-07-23,1049.8448283515652,2.0,True
2021-07-24,-132.94896989627858,2.0,True
2021-07-25,-122.95562639292967,2.0,True
2021-07-26,279.65725160079694,2.0,True
2021-07-27,-106.30996689608796,2.0,True
2021-07-28,533.9262115438372,2.0,True
2021-07-29,45.56402922242931,2.0,True
2021-07-30,45.232142059148046,2.0,True
2021-07-31,-439.4469855188896,2.0,True
2021-08-01,1434.5222815012996,2.0,True
2021-08-02,-309.8307523964853,2.0,True
2021-08-03,1196.160509679788,2.0,True
2021-08-04,375.1237151984368,2.0,True
2021-08-05,46.917628817996444,2.0,True
2021-08-06,68.68846579217956,2.0,True
2021-08-07,-879.9145523012622,2.0,True
2021-08-08,465.3134489465385,2.0,True
2021-08-09,1082.0829859937667,2.0,True
2021-08-10,575.3133454236073,2.0,True
2021-08-11,-297.2030935236262,2.0,True
2021-08-12,644.7852893455921,2.0,True
2021-08-13,89.49681337496153,2.0,True
2021-08-14,1011.6084942577992,2.0,True
2021-08-15,-551.6067953142004,2.0,True
2021-08-16,-720.0719505166667,2.0,True
2021-08-17,-97.89998686522449,2.0,True
2021-08-18,596.9118392841312,2.0,True
2021-08-19,340.6649051570645,2.0,True
2021-08-20,825.8603385278752,2.0,True
2021-08-21,1044.4471226458666,2.0,True
2021-08-22,617.8508540014263,2.0,True
2021-08-23,-514.4509056748872,2.0,True
2021-08-24,2212.930316322828,2.0,True
2021-08-25,-626.4571867357897,2.0,True
2021-08-26,675.2519163578954,2.0,True
2021-08-27,1426.9819284551602,2.0,True
2021-08-28,-53.442086972791174,2.0,True
2021-08-29,-186.791452404089,2.0,True
2021-08-30,58.96762830581182,2.0,True
2021-08-31,698.9289885041708,2.0,True
2021-09-01,-191.64227090523656,2.0,True
2021-09-02,138.36722050126727,2.0,True
2021-09-03,205.03225715301465,2.0,True
2021-09-04,173.230866757765,2.0,True
2021-09-05,801.1874873082472,2.0,True
2021-09-06,-1893.5352224556004,2.0,True
2021-09-07,-26.104397365793503,2.0,True
2021-09-08,490.8370563822842,2.0,True
2021-09-09,-506.2293904782953,2.0,True
2021-09-10,723.1832433653332,2.0,True
2021-09-11,831.6474440123236,2.0,True
2021-09-12,-496.2893252837056,2.0,True
2021-09-13,315.04482234993714,2.0,True
2021-09-14,605.8981023299945,2.0,True
2021-09-15,998.7023220052918,2.0,True
2021-09-16,-750.3092800033571,2.0,True
2021-09-17,-185.88078406749065,2.0,True
2021-09-18,-289.1859054228921,2.0,True
2021-09-19,-1635.7820908862568,2.0,True
2021-09-20,-1288.1976878503974,2.0,True
2021-09-21,1442.05430813823,2.0,True
2021-09-22,235.32861780266612,2.0,True
2021-09-23,-928.1284458338815,2.0,True
2021-09-24,-35.884753616135846,2.0,True
2021-09-25,-444.86025363480763,2.0,True
2021-09-26,-229.69097307192908,2.0,True
2021-09-27,-639.4412962722532,2.0,True
2021-09-28,701.8332955819297,2.0,True
2021-09-29,657.4273271135191,2.0,True
2021-09-30,-47.12976573238359,2.0,True
2021-10-01,-28.251038934528953,2.0,True
2021-10-02,-151.36192213235898,2.0,True
2021-10-03,-260.9647714988048,2.0,True
2021-10-04,961.9828151723788,2.0,True
2021-10-05,-219.0985315896452,2.0,True
2021-10-06,-149.7725753696608,2.0,True
2021-10-07,-4.541232278294274,2.0,True
2021-10-08,-109.050513270185,2.0,True
2021-10-09,-499.4104538848024,2.0,True
2021-10-10,-27.57805357780673,2.0,True
2021-10-11,-255.78851821759207,2.0,True
2021-10-12,261.314899559171,2.0,True
2021-10-13,742.1672525611325,2.0,True
2021-10-14,335.19093614533557,2.0,True
2021-10-15,46.96531593929488,2.0,True
2021-10-16,-116.06127500087138,2.0,True
2021-10-17,-116.83991620543321,2.0,True
2021-10-18,147.73345626731518,2.0,True
2021-10-19,464.8684498516667,2.0,True
2021-10-20,-523.329207942819,2.0,True
2021-10-21,227.95205781962724,2.0,True
2021-10-22,26.05049193499876,2.0,True
2021-10-23,-394.37049903699705,2.0,True
2021-10-24,524.4789443061406,2.0,True
2021-10-25,72.35696604110632,2.0,True
2021-10-26,-1217.643619127823,2.0,True
2021-10-27,341.53534103489335,2.0,True
2021-10-28,424.1288011829904,2.0,True
2021-10-29,-538.3556337160098,2.0,True
2021-10-30,127.60610871138968,2.0,True
2021-10-31,-9.202881447013304,2.0,True
2021-11-01,451.3120465588752,2.0,True
2021-11-02,730.2500339792485,2.0,True
2021-11-03,53.476171218162165,2.0,True
2021-11-04,-433.86957902632,2.0,True
2021-11-05,101.28194261992152,2.0,True
2021-11-06,30.216446622610924,2.0,True
2021-11-07,787.0110972474433,2.0,True
2021-11-08,-433.7620043346272,2.0,True
2021-11-09,-817.457271176064,2.0,True
2021-11-10,94.14662222453873,2.0,True
2021-11-11,-592.175683984307,2.0,True
2021-11-12,33.00443823527088,2.0,True
2021-11-13,104.78840575403737,2.0,True
2021-11-14,-318.1621383983705,2.0,True
2021-11-15,-976.9287137047276,2.0,True
2021-11-16,30.884424331484553,2.0,True
2021-11-17,-285.59646667851416,2.0,True
2021-11-18,730.3484409763863,2.0,True
2021-11-19,2517.412191257915,2.0,True
2021-11-20,-320.1962585414334,2.0,True
2021-11-21,415.62245572807933,2.0,True
2021-11-22,323.7635105448158,2.0,True
2021-11-23,-485.46725051772296,2.0,True
2021-11-24,1714.9323599443912,2.0,True
2021-11-25,-1320.91092156891,2.0,True
2021-11-26,73.33000575685446,2.0,True
2021-11-27,-813.5669460390158,2.0,True
2021-11-28,943.2218914838588,2.0,True
2021-11-29,114.45996706967577,2.0,True
2021-11-30,387.46091182229793,2.0,True
2021-12-01,-93.83194572093832,2.0,True
2021-12-02,-650.5760486599879,2.0,True
2021-12-03,-1192.6753392820465,2.0,True
2021-12-04,-1009.4738712063192,2.0,True
2021-12-05,334.56096476712014,2.0,True
2021-12-06,-93.32032667931844,2.0,True
2021-12-07,284.7182375006088,2.0,True
2021-12-08,-1023.8069565457618,2.0,True
2021-12-09,-631.0740871516566,2.0,True
2021-12-10,593.8510274240673,2.0,True
2021-12-11,-153.2333846403181,2.0,True
2021-12-12,-1001.9575161828441,2.0,True
2021-12-13,228.90806847140533,2.0,True
2021-12-14,835.260006017339,2.0,True
2021-12-15,-114.95491513841692,2.0,True
2021-12-16,-483.3568580534135,2.0,True
2021-12-17,374.9082868190592,2.0,True
2021-12-18,-266.8559772515636,2.0,True
2021-12-19,-87.53899379692653,2.0,True
2021-12-20,475.4927364691533,2.0,True
2021-12-21,64.26983150809883,2.0,True
2021-12-22,191.24033889702042,2.0,True
2021-12-23,-129.443156917449,2.0,True
2021-12-24,236.07448150433052,2.0,True
2021-12-25,24.3138922437044,2.0,True
2021-12-26,-313.4288982847581,2.0,True
2021-12-27,-876.8839304344958,2.0,True
2021-12-28,399.56593935744877,2.0,True
2021-12-29,-303.64389341133864,2.0,True
2021-12-30,-250.71600250813316,2.0,True
2021-12-31,321.2667661124082,2.0,True
2022-01-01,343.91831434775554,2.0,True
2022-01-02,343.29015926476103,2.0,True
2022-01-03,107.2989923886233,2.0,True
2022-01-04,-767.5559630510901,2.0,True
2022-01-05,179.11376777422294,2.0,True
2022-01-06,-565.5520541452333,2.0,True
2022-01-07,-921.7396768653211,2.0,True
2022-01-08,176.8997390624063,2.0,True
2022-01-09,-478.0211829030576,2.0,True
2022-01-10,528.405545659343,2.0,True
2022-01-11,548.1417569981008,2.0,True
2022-01-12,-322.103587789844,2.0,True
2022-01-13,382.6904136431699,2.0,True
2022-01-14,13.810283894549414,2.0,True
2022-01-15,253.60596091383545,2.0,True
2022-01-16,-549.2850781339057,2.0,True
2022-01-17,-338.45162954395084,2.0,True
2022-01-18,-830.3532207263013,2.0,True
2022-01-19,-701.3390982376864,2.0,True
2022-01-20,-1961.4166509743684,2.0,True
2022-01-21,-793.4314486124931,2.0,True
2022-01-22,0.0,0.0,False
2022-01-23,0.0,0.0,False
2022-01-24,0.0,0.0,False
2022-01-25,0.0,0.0,False
2022-01-26,0.0,0.0,False
2022-01-27,0.0,0.0,False
2022-01-28,0.0,0.0,False
2022-01-29,0.0,0.0,False
2022-01-30,0.0,0.0,False
2022-01-31,0.0,0.0,False
2022-02-01,0.0,0.0,False
2022-02-02,0.0,0.0,False
2022-02-03,0.0,0.0,False
2022-02-04,0.0,0.0,False
2022-02-05,0.0,0.0,False
2022-02-06,0.0,0.0,False
2022-02-07,0.0,0.0,False
2022-02-08,0.0,0.0,False
2022-02-09,0.0,0.0,False
2022-02-10,0.0,0.0,False
2022-02-11,0.0,0.0,False
2022-02-12,0.0,0.0,False
2022-02-13,0.0,0.0,False
2022-02-14,0.0,0.0,False
2022-02-15,0.0,0.0,False
2022-02-16,0.0,0.0,False
2022-02-17,0.0,0.0,False
2022-02-18,0.0,0.0,False
2022-02-19,0.0,0.0,False
2022-02-20,0.0,0.0,False
2022-02-21,0.0,0.0,False
2022-02-22,0.0,0.0,False
2022-02-23,0.0,0.0,False
2022-02-24,0.0,0.0,False
2022-02-25,0.0,0.0,False
2022-02-26,0.0,0.0,False
2022-02-27,0.0,0.0,False
2022-02-28,0.0,0.0,False
2022-03-01,0.0,0.0,False
2022-03-02,0.0,0.0,False
2022-03-03,0.0,0.0,False
2022-03-04,0.0,0.0,False
2022-03-05,0.0,0.0,False
2022-03-06,0.0,0.0,False
2022-03-07,0.0,0.0,False
2022-03-08,0.0,0.0,False
2022-03-09,0.0,0.0,False
2022-03-10,0.0,0.0,False
2022-03-11,0.0,0.0,False
2022-03-12,0.0,0.0,False
2022-03-13,0.0,0.0,False
2022-03-14,0.0,0.0,False
2022-03-15,0.0,0.0,False
2022-03-16,0.0,0.0,False
2022-03-17,0.0,0.0,False
2022-03-18,0.0,0.0,False
2022-03-19,0.0,0.0,False
2022-03-20,0.0,0.0,False
2022-03-21,0.0,0.0,False
2022-03-22,0.0,0.0,False
2022-03-23,0.0,0.0,False
2022-03-24,0.0,0.0,False
2022-03-25,0.0,0.0,False
2022-03-26,0.0,0.0,False
2022-03-27,0.0,0.0,False
2022-03-28,0.0,0.0,False
2022-03-29,0.0,0.0,False
2022-03-30,0.0,0.0,False
2022-03-31,0.0,0.0,False
2022-04-01,0.0,0.0,False
2022-04-02,0.0,0.0,False
2022-04-03,0.0,0.0,False
2022-04-04,0.0,0.0,False
2022-04-05,0.0,0.0,False
2022-04-06,0.0,0.0,False
2022-04-07,0.0,0.0,False
2022-04-08,0.0,0.0,False
2022-04-09,0.0,0.0,False
2022-04-10,0.0,0.0,False
2022-04-11,0.0,0.0,False
2022-04-12,0.0,0.0,False
2022-04-13,0.0,0.0,False
2022-04-14,0.0,0.0,False
2022-04-15,0.0,0.0,False
2022-04-16,0.0,0.0,False
2022-04-17,0.0,0.0,False
2022-04-18,0.0,0.0,False
2022-04-19,0.0,0.0,False
2022-04-20,0.0,0.0,False
2022-04-21,0.0,0.0,False
2022-04-22,0.0,0.0,False
2022-04-23,0.0,0.0,False
2022-04-24,0.0,0.0,False
2022-04-25,0.0,0.0,False
2022-04-26,0.0,0.0,False
2022-04-27,0.0,0.0,False
2022-04-28,0.0,0.0,False
2022-04-29,0.0,0.0,False
2022-04-30,0.0,0.0,False
2022-05-01,0.0,0.0,False
2022-05-02,0.0,0.0,False
2022-05-03,0.0,0.0,False
2022-05-04,0.0,0.0,False
2022-05-05,0.0,0.0,False
2022-05-06,0.0,0.0,False
2022-05-07,0.0,0.0,False
2022-05-08,0.0,0.0,False
2022-05-09,0.0,0.0,False
2022-05-10,0.0,0.0,False
2022-05-11,0.0,0.0,False
2022-05-12,0.0,0.0,False
2022-05-13,0.0,0.0,False
2022-05-14,0.0,0.0,False
2022-05-15,0.0,0.0,False
2022-05-16,0.0,0.0,False
2022-05-17,0.0,0.0,False
2022-05-18,0.0,0.0,False
2022-05-19,0.0,0.0,False
2022-05-20,0.0,0.0,False
2022-05-21,0.0,0.0,False
2022-05-22,0.0,0.0,False
2022-05-23,0.0,0.0,False
2022-05-24,0.0,0.0,False
2022-05-25,0.0,0.0,False
2022-05-26,0.0,0.0,False
2022-05-27,0.0,0.0,False
2022-05-28,0.0,0.0,False
2022-05-29,0.0,0.0,False
2022-05-30,0.0,0.0,False
2022-05-31,0.0,0.0,False
2022-06-01,0.0,0.0,False
2022-06-02,0.0,0.0,False
2022-06-03,0.0,0.0,False
2022-06-04,0.0,0.0,False
2022-06-05,0.0,0.0,False
2022-06-06,0.0,0.0,False
2022-06-07,0.0,0.0,False
2022-06-08,0.0,0.0,False
2022-06-09,0.0,0.0,False
2022-06-10,0.0,0.0,False
2022-06-11,0.0,0.0,False
2022-06-12,0.0,0.0,False
2022-06-13,0.0,0.0,False
2022-06-14,0.0,0.0,False
2022-06-15,0.0,0.0,False
2022-06-16,0.0,0.0,False
2022-06-17,0.0,0.0,False
2022-06-18,0.0,0.0,False
2022-06-19,0.0,0.0,False
2022-06-20,0.0,0.0,False
2022-06-21,0.0,0.0,False
2022-06-22,0.0,0.0,False
2022-06-23,0.0,0.0,False
2022-06-24,0.0,0.0,False
2022-06-25,0.0,0.0,False
2022-06-26,0.0,0.0,False
2022-06-27,0.0,0.0,False
2022-06-28,0.0,0.0,False
2022-06-29,0.0,0.0,False
2022-06-30,0.0,0.0,False
2022-07-01,0.0,0.0,False
2022-07-02,0.0,0.0,False
2022-07-03,0.0,0.0,False
2022-07-04,0.0,0.0,False
2022-07-05,0.0,0.0,False
2022-07-06,0.0,0.0,False
2022-07-07,0.0,0.0,False
2022-07-08,0.0,0.0,False
2022-07-09,0.0,0.0,False
2022-07-10,0.0,0.0,False
2022-07-11,0.0,0.0,False
2022-07-12,0.0,0.0,False
2022-07-13,0.0,0.0,False
2022-07-14,0.0,0.0,False
2022-07-15,0.0,0.0,False
2022-07-16,0.0,0.0,False
2022-07-17,0.0,0.0,False
2022-07-18,0.0,0.0,False
2022-07-19,0.0,0.0,False
2022-07-20,0.0,0.0,False
2022-07-21,0.0,0.0,False
2022-07-22,0.0,0.0,False
2022-07-23,0.0,0.0,False
2022-07-24,0.0,0.0,False
2022-07-25,0.0,0.0,False
2022-07-26,0.0,0.0,False
2022-07-27,0.0,0.0,False
2022-07-28,0.0,0.0,False
2022-07-29,0.0,0.0,False
2022-07-30,0.0,0.0,False
2022-07-31,0.0,0.0,False
2022-08-01,0.0,0.0,False
2022-08-02,0.0,0.0,False
2022-08-03,0.0,0.0,False
2022-08-04,0.0,0.0,False
2022-08-05,0.0,0.0,False
2022-08-06,0.0,0.0,False
2022-08-07,0.0,0.0,False
2022-08-08,0.0,0.0,False
2022-08-09,0.0,0.0,False
2022-08-10,0.0,0.0,False
2022-08-11,0.0,0.0,False
2022-08-12,0.0,0.0,False
2022-08-13,0.0,0.0,False
2022-08-14,0.0,0.0,False
2022-08-15,0.0,0.0,False
2022-08-16,0.0,0.0,False
2022-08-17,0.0,0.0,False
2022-08-18,0.0,0.0,False
2022-08-19,0.0,0.0,False
2022-08-20,0.0,0.0,False
2022-08-21,0.0,0.0,False
2022-08-22,0.0,0.0,False
2022-08-23,0.0,0.0,False
2022-08-24,0.0,0.0,False
2022-08-25,0.0,0.0,False
2022-08-26,0.0,0.0,False
2022-08-27,0.0,0.0,False
2022-08-28,0.0,0.0,False
2022-08-29,0.0,0.0,False
2022-08-30,0.0,0.0,False
2022-08-31,0.0,0.0,False
2022-09-01,0.0,0.0,False
2022-09-02,0.0,0.0,False
2022-09-03,0.0,0.0,False
2022-09-04,0.0,0.0,False
2022-09-05,0.0,0.0,False
2022-09-06,0.0,0.0,False
2022-09-07,0.0,0.0,False
2022-09-08,0.0,0.0,False
2022-09-09,0.0,0.0,False
2022-09-10,0.0,0.0,False
2022-09-11,0.0,0.0,False
2022-09-12,0.0,0.0,False
2022-09-13,0.0,0.0,False
2022-09-14,0.0,0.0,False
2022-09-15,0.0,0.0,False
2022-09-16,0.0,0.0,False
2022-09-17,0.0,0.0,False
2022-09-18,0.0,0.0,False
2022-09-19,0.0,0.0,False
2022-09-20,0.0,0.0,False
2022-09-21,0.0,0.0,False
2022-09-22,0.0,0.0,False
2022-09-23,0.0,0.0,False
2022-09-24,0.0,0.0,False
2022-09-25,0.0,0.0,False
2022-09-26,0.0,0.0,False
2022-09-27,0.0,0.0,False
2022-09-28,0.0,0.0,False
2022-09-29,0.0,0.0,False
2022-09-30,0.0,0.0,False
2022-10-01,0.0,0.0,False
2022-10-02,0.0,0.0,False
2022-10-03,0.0,0.0,False
2022-10-04,0.0,0.0,False
2022-10-05,0.0,0.0,False
2022-10-06,0.0,0.0,False
2022-10-07,0.0,0.0,False
2022-10-08,0.0,0.0,False
2022-10-09,0.0,0.0,False
2022-10-10,0.0,0.0,False
2022-10-11,0.0,0.0,False
2022-10-12,0.0,0.0,False
2022-10-13,0.0,0.0,False
2022-10-14,0.0,0.0,False
2022-10-15,0.0,0.0,False
2022-10-16,0.0,0.0,False
2022-10-17,0.0,0.0,False
2022-10-18,0.0,0.0,False
2022-10-19,0.0,0.0,False
2022-10-20,0.0,0.0,False
2022-10-21,0.0,0.0,False
2022-10-22,0.0,0.0,False
2022-10-23,0.0,0.0,False
2022-10-24,0.0,0.0,False
2022-10-25,0.0,0.0,False
2022-10-26,0.0,0.0,False
2022-10-27,0.0,0.0,False
2022-10-28,0.0,0.0,False
2022-10-29,0.0,0.0,False
2022-10-30,0.0,0.0,False
2022-10-31,0.0,0.0,False
2022-11-01,0.0,0.0,False
2022-11-02,0.0,0.0,False
2022-11-03,0.0,0.0,False
2022-11-04,0.0,0.0,False
2022-11-05,-614.9145233565748,2.0,True
2022-11-06,0.0,0.0,False
2022-11-07,0.0,0.0,False
2022-11-08,0.0,0.0,False
2022-11-09,0.0,0.0,False
2022-11-10,0.0,0.0,False
2022-11-11,0.0,0.0,False
2022-11-12,0.0,0.0,False
2022-11-13,0.0,0.0,False
2022-11-14,0.0,0.0,False
2022-11-15,0.0,0.0,False
2022-11-16,0.0,0.0,False
2022-11-17,0.0,0.0,False
2022-11-18,0.0,0.0,False
2022-11-19,0.0,0.0,False
2022-11-20,0.0,0.0,False
2022-11-21,0.0,0.0,False
2022-11-22,0.0,0.0,False
2022-11-23,0.0,0.0,False
2022-11-24,0.0,0.0,False
2022-11-25,0.0,0.0,False
2022-11-26,0.0,0.0,False
2022-11-27,0.0,0.0,False
2022-11-28,0.0,0.0,False
2022-11-29,0.0,0.0,False
2022-11-30,0.0,0.0,False
2022-12-01,0.0,0.0,False
2022-12-02,0.0,0.0,False
2022-12-03,0.0,0.0,False
2022-12-04,0.0,0.0,False
2022-12-05,0.0,0.0,False
2022-12-06,0.0,0.0,False
2022-12-07,0.0,0.0,False
2022-12-08,0.0,0.0,False
2022-12-09,0.0,0.0,False
2022-12-10,0.0,0.0,False
2022-12-11,0.0,0.0,False
2022-12-12,0.0,0.0,False
2022-12-13,0.0,0.0,False
2022-12-14,0.0,0.0,False
2022-12-15,0.0,0.0,False
2022-12-16,0.0,0.0,False
2022-12-17,0.0,0.0,False
2022-12-18,0.0,0.0,False
2022-12-19,0.0,0.0,False
2022-12-20,0.0,0.0,False
2022-12-21,0.0,0.0,False
2022-12-22,0.0,0.0,False
2022-12-23,0.0,0.0,False
2022-12-24,0.0,0.0,False
2022-12-25,0.0,0.0,False
2022-12-26,0.0,0.0,False
2022-12-27,0.0,0.0,False
2022-12-28,0.0,0.0,False
2022-12-29,0.0,0.0,False
2022-12-30,0.0,0.0,False
2022-12-31,0.0,0.0,False
2023-01-01,0.0,0.0,False
2023-01-02,0.0,0.0,False
2023-01-03,0.0,0.0,False
2023-01-04,0.0,0.0,False
2023-01-05,0.0,0.0,False
2023-01-06,0.0,0.0,False
2023-01-07,0.0,0.0,False
2023-01-08,0.0,0.0,False
2023-01-09,0.0,0.0,False
2023-01-10,0.0,0.0,False
2023-01-11,0.0,0.0,False
2023-01-12,0.0,0.0,False
2023-01-13,0.0,0.0,False
2023-01-14,0.0,0.0,False
2023-01-15,0.0,0.0,False
2023-01-16,0.0,0.0,False
2023-01-17,0.0,0.0,False
2023-01-18,0.0,0.0,False
2023-01-19,0.0,0.0,False
2023-01-20,0.0,0.0,False
2023-01-21,0.0,0.0,False
2023-01-22,0.0,0.0,False
2023-01-23,0.0,0.0,False
2023-01-24,0.0,0.0,False
2023-01-25,0.0,0.0,False
2023-01-26,0.0,0.0,False
2023-01-27,0.0,0.0,False
2023-01-28,0.0,0.0,False
2023-01-29,0.0,0.0,False
2023-01-30,0.0,0.0,False
2023-01-31,0.0,0.0,False
2023-02-01,0.0,0.0,False
2023-02-02,0.0,0.0,False
2023-02-03,0.0,0.0,False
2023-02-04,0.0,0.0,False
2023-02-05,0.0,0.0,False
2023-02-06,0.0,0.0,False
2023-02-07,0.0,0.0,False
2023-02-08,0.0,0.0,False
2023-02-09,0.0,0.0,False
2023-02-10,0.0,0.0,False
2023-02-11,0.0,0.0,False
2023-02-12,0.0,0.0,False
2023-02-13,0.0,0.0,False
2023-02-14,0.0,0.0,False
2023-02-15,0.0,0.0,False
2023-02-16,0.0,0.0,False
2023-02-17,0.0,0.0,False
2023-02-18,0.0,0.0,False
2023-02-19,0.0,0.0,False
2023-02-20,0.0,0.0,False
2023-02-21,0.0,0.0,False
2023-02-22,0.0,0.0,False
2023-02-23,0.0,0.0,False
2023-02-24,0.0,0.0,False
2023-02-25,0.0,0.0,False
2023-02-26,0.0,0.0,False
2023-02-27,0.0,0.0,False
2023-02-28,0.0,0.0,False
2023-03-01,0.0,0.0,False
2023-03-02,0.0,0.0,False
2023-03-03,0.0,0.0,False
2023-03-04,0.0,0.0,False
2023-03-05,0.0,0.0,False
2023-03-06,0.0,0.0,False
2023-03-07,0.0,0.0,False
2023-03-08,0.0,0.0,False
2023-03-09,0.0,0.0,False
2023-03-10,0.0,0.0,False
2023-03-11,0.0,0.0,False
2023-03-12,0.0,0.0,False
2023-03-13,0.0,0.0,False
2023-03-14,0.0,0.0,False
2023-03-15,0.0,0.0,False
2023-03-16,0.0,0.0,False
2023-03-17,0.0,0.0,False
2023-03-18,0.0,0.0,False
2023-03-19,0.0,0.0,False
2023-03-20,0.0,0.0,False
2023-03-21,0.0,0.0,False
2023-03-22,0.0,0.0,False
2023-03-23,0.0,0.0,False
2023-03-24,0.0,0.0,False
2023-03-25,0.0,0.0,False
2023-03-26,0.0,0.0,False
2023-03-27,0.0,0.0,False
2023-03-28,0.0,0.0,False
2023-03-29,0.0,0.0,False
2023-03-30,0.0,0.0,False
2023-03-31,0.0,0.0,False
2023-04-01,0.0,0.0,False
2023-04-02,0.0,0.0,False
2023-04-03,0.0,0.0,False
2023-04-04,0.0,0.0,False
2023-04-05,0.0,0.0,False
2023-04-06,0.0,0.0,False
2023-04-07,0.0,0.0,False
2023-04-08,0.0,0.0,False
2023-04-09,0.0,0.0,False
2023-04-10,0.0,0.0,False
2023-04-11,0.0,0.0,False
2023-04-12,0.0,0.0,False
2023-04-13,0.0,0.0,False
2023-04-14,0.0,0.0,False
2023-04-15,0.0,0.0,False
2023-04-16,0.0,0.0,False
2023-04-17,0.0,0.0,False
2023-04-18,0.0,0.0,False
2023-04-19,0.0,0.0,False
2023-04-20,0.0,0.0,False
2023-04-21,0.0,0.0,False
2023-04-22,0.0,0.0,False
2023-04-23,0.0,0.0,False
2023-04-24,0.0,0.0,False
2023-04-25,0.0,0.0,False
2023-04-26,0.0,0.0,False
2023-04-27,0.0,0.0,False
2023-04-28,0.0,0.0,False
2023-04-29,0.0,0.0,False
2023-04-30,0.0,0.0,False
2023-05-01,0.0,0.0,False
2023-05-02,0.0,0.0,False
2023-05-03,0.0,0.0,False
2023-05-04,0.0,0.0,False
2023-05-05,0.0,0.0,False
2023-05-06,0.0,0.0,False
2023-05-07,0.0,0.0,False
2023-05-08,0.0,0.0,False
2023-05-09,0.0,0.0,False
2023-05-10,0.0,0.0,False
2023-05-11,0.0,0.0,False
2023-05-12,0.0,0.0,False
2023-05-13,0.0,0.0,False
2023-05-14,0.0,0.0,False
2023-05-15,0.0,0.0,False
2023-05-16,0.0,0.0,False
2023-05-17,0.0,0.0,False
2023-05-18,0.0,0.0,False
2023-05-19,0.0,0.0,False
2023-05-20,0.0,0.0,False
2023-05-21,0.0,0.0,False
2023-05-22,0.0,0.0,False
2023-05-23,0.0,0.0,False
2023-05-24,0.0,0.0,False
2023-05-25,0.0,0.0,False
2023-05-26,0.0,0.0,False
2023-05-27,0.0,0.0,False
2023-05-28,0.0,0.0,False
2023-05-29,0.0,0.0,False
2023-05-30,0.0,0.0,False
2023-05-31,0.0,0.0,False
2023-06-01,0.0,0.0,False
2023-06-02,0.0,0.0,False
2023-06-03,0.0,0.0,False
2023-06-04,0.0,0.0,False
2023-06-05,0.0,0.0,False
2023-06-06,0.0,0.0,False
2023-06-07,0.0,0.0,False
2023-06-08,0.0,0.0,False
2023-06-09,0.0,0.0,False
2023-06-10,0.0,0.0,False
2023-06-11,0.0,0.0,False
2023-06-12,0.0,0.0,False
2023-06-13,0.0,0.0,False
2023-06-14,0.0,0.0,False
2023-06-15,0.0,0.0,False
2023-06-16,0.0,0.0,False
2023-06-17,0.0,0.0,False
2023-06-18,0.0,0.0,False
2023-06-19,0.0,0.0,False
2023-06-20,0.0,0.0,False
2023-06-21,0.0,0.0,False
2023-06-22,0.0,0.0,False
2023-06-23,0.0,0.0,False
2023-06-24,0.0,0.0,False
2023-06-25,0.0,0.0,False
2023-06-26,0.0,0.0,False
2023-06-27,0.0,0.0,False
2023-06-28,0.0,0.0,False
2023-06-29,0.0,0.0,False
2023-06-30,0.0,0.0,False
2023-07-01,0.0,0.0,False
2023-07-02,0.0,0.0,False
2023-07-03,0.0,0.0,False
2023-07-04,0.0,0.0,False
2023-07-05,0.0,0.0,False
2023-07-06,0.0,0.0,False
2023-07-07,0.0,0.0,False
2023-07-08,0.0,0.0,False
2023-07-09,0.0,0.0,False
2023-07-10,0.0,0.0,False
2023-07-11,0.0,0.0,False
2023-07-12,0.0,0.0,False
2023-07-13,-375.65223005457756,2.0,True
2023-07-14,56.25693934495546,2.0,True
2023-07-15,-299.76039751212693,2.0,True
2023-07-16,290.6030976797993,2.0,True
2023-07-17,-506.3238387719507,2.0,True
2023-07-18,-211.47375364074327,2.0,True
2023-07-19,109.77126577044771,2.0,True
2023-07-20,-64.86955114436066,2.0,True
2023-07-21,-159.15427547617855,2.0,True
2023-07-22,-0.6129176075711911,2.0,True
2023-07-23,-399.0584446041204,2.0,True
2023-07-24,-13.750622655084086,2.0,True
2023-07-25,299.2797844329278,2.0,True
2023-07-26,174.81118339895542,2.0,True
2023-07-27,1065.686345574171,2.0,True
2023-07-28,128.3769951320648,2.0,True
2023-07-29,-250.814742606704,2.0,True
2023-07-30,-159.30382824390276,2.0,True
2023-07-31,-120.62660442732276,2.0,True
2023-08-01,-452.52066177900156,2.0,True
2023-08-02,-98.71409895475392,2.0,True
2023-08-03,0.0,0.0,False
2023-08-04,-34.99773666828386,2.0,True
2023-08-05,0.0,0.0,False
2023-08-06,-92.12209557871697,2.0,True
2023-08-07,94.03406544328664,2.0,True
2023-08-08,129.13271791847447,2.0,True
2023-08-09,137.38262002528558,2.0,True
2023-08-10,-118.63527378086746,2.0,True
2023-08-11,74.36262438361841,2.0,True
2023-08-12,361.4519765948334,2.0,True
2023-08-13,287.8363611508819,2.0,True
2023-08-14,-462.40153078257936,2.0,True
2023-08-15,-509.6490284439479,2.0,True
2023-08-16,-1018.1882414666075,2.0,True
2023-08-17,142.64279852900873,2.0,True
2023-08-18,277.560778708327,2.0,True
2023-08-19,11.999037276943746,2.0,True
2023-08-20,-328.2598211392777,2.0,True
2023-08-21,-94.80973017068882,2.0,True
2023-08-22,1046.604977584429,2.0,True
2023-08-23,-193.80634212325864,2.0,True
2023-08-24,-16.607142814686107,2.0,True
2023-08-25,-74.22083923896903,2.0,True
2023-08-26,74.60668102337387,2.0,True
2023-08-27,-221.12291216127932,2.0,True
2023-08-28,265.4472398144905,2.0,True
2023-08-29,-261.9981344173542,2.0,True
2023-08-30,-490.525539339837,2.0,True
2023-08-31,271.24671421587055,2.0,True
2023-09-01,0.0,0.0,False
2023-09-02,0.0,0.0,False
2023-09-03,0.0,0.0,False
2023-09-04,282.18454475333465,2.0,True
2023-09-05,-72.7880103660814,2.0,True
2023-09-06,118.822200166673,2.0,True
2023-09-07,-473.1733176403422,2.0,True
2023-09-08,94.04325963764028,2.0,True
2023-09-09,0.0,0.0,False
2023-09-10,0.0,0.0,False
2023-09-11,0.0,0.0,False
2023-09-12,0.0,0.0,False
2023-09-13,0.0,0.0,False
2023-09-14,0.0,0.0,False
2023-09-15,0.0,0.0,False
2023-09-16,0.0,0.0,False
2023-09-17,0.0,0.0,False
2023-09-18,0.0,0.0,False
2023-09-19,0.0,0.0,False
2023-09-20,-566.4232894542085,2.0,True
2023-09-21,0.0,0.0,False
2023-09-22,0.0,0.0,False
2023-09-23,0.0,0.0,False
2023-09-24,0.0,0.0,False
2023-09-25,0.0,0.0,False
2023-09-26,0.0,0.0,False
2023-09-27,0.0,0.0,False
2023-09-28,0.0,0.0,False
2023-09-29,-135.93923541378703,2.0,True
2023-09-30,441.6896039104825,2.0,True
2023-10-01,-417.8954013702222,2.0,True
2023-10-02,-202.88399677469795,2.0,True
2023-10-03,-63.5554567112232,2.0,True
2023-10-04,-351.22247700692924,2.0,True
2023-10-05,127.56566321543119,2.0,True
2023-10-06,-32.926127156610356,2.0,True
2023-10-07,95.5312957740331,2.0,True
2023-10-08,-338.70587706940546,2.0,True
2023-10-09,-414.82676232548397,2.0,True
2023-10-10,-199.789702150531,2.0,True
2023-10-11,-18.45596768887158,2.0,True
2023-10-12,186.4584705344887,2.0,True
2023-10-13,-100.1933488353288,2.0,True
2023-10-14,64.73541280388042,2.0,True
2023-10-15,193.54344448687579,2.0,True
2023-10-16,-396.14062940551344,2.0,True
2023-10-17,-84.41378056511272,2.0,True
2023-10-18,-246.6823515759845,2.0,True
2023-10-19,544.3071996627559,2.0,True
2023-10-20,238.76236154458132,2.0,True
2023-10-21,4.422034780502642,2.0,True
2023-10-22,1621.2589722164043,2.0,True
2023-10-23,457.55336090476015,2.0,True
2023-10-24,120.24553826141116,2.0,True
2023-10-25,-800.7001967526403,2.0,True
2023-10-26,-275.83904559754603,2.0,True
2023-10-27,-217.21508856599658,2.0,True
2023-10-28,274.1977775349377,2.0,True
2023-10-29,972.0144227390506,2.0,True
2023-10-30,-381.47967345820905,2.0,True
2023-10-31,345.24804410265534,2.0,True
2023-11-01,-404.9516712832555,2.0,True
2023-11-02,526.3367909017115,2.0,True
2023-11-03,368.8764592216889,2.0,True
2023-11-04,657.2344802539856,2.0,True
2023-11-05,-119.29912768548022,2.0,True
2023-11-06,-99.53774687259641,2.0,True
2023-11-07,240.53794044544134,2.0,True
2023-11-08,-150.4996453972566,2.0,True
2023-11-09,-464.7433687719519,2.0,True
2023-11-10,-116.90208338001028,2.0,True
2023-11-11,17.49269084579086,2.0,True
2023-11-12,82.5142083154276,2.0,True
2023-11-13,-484.6430256603843,2.0,True
2023-11-14,450.8798237460834,2.0,True
2023-11-15,-948.0375852596853,2.0,True
2023-11-16,-379.84227645969014,2.0,True
2023-11-17,-426.82124016409284,2.0,True
2023-11-18,-437.1895185436295,2.0,True
2023-11-19,-27.372489444980378,2.0,True
2023-11-20,-853.3261922334776,2.0,True
2023-11-21,692.4528179833425,2.0,True
2023-11-22,-139.00581082170714,2.0,True
2023-11-23,31.03429195808326,2.0,True
2023-11-24,11.311292559497375,2.0,True
2023-11-25,-987.9720824391051,2.0,True
2023-11-26,-1017.3721670733596,2.0,True
2023-11-27,-2.873547938109567,2.0,True
2023-11-28,-27.1668845733145,2.0,True
2023-11-29,273.1814591753092,2.0,True
2023-11-30,211.7291895226827,2.0,True
2023-12-01,358.27878558292196,2.0,True
2023-12-02,-113.56311650432471,2.0,True
2023-12-03,258.75312320995846,2.0,True
2023-12-04,604.1162100895294,2.0,True
2023-12-05,-106.59606650320205,2.0,True
2023-12-06,498.9408462517233,2.0,True
2023-12-07,525.535239860542,2.0,True
2023-12-08,-311.9280076883111,2.0,True
2023-12-09,35.25896525207206,2.0,True
2023-12-10,173.5822716000814,2.0,True
2023-12-11,177.11121059973766,2.0,True
2023-12-12,-54.32181981966244,2.0,True
2023-12-13,158.85638967108062,2.0,True
2023-12-14,-105.00839038870643,2.0,True
2023-12-15,186.0593326303186,2.0,True
2023-12-16,58.40169299900634,2.0,True
2023-12-17,331.55345180840754,2.0,True
2023-12-18,-402.6015322033275,2.0,True
2023-12-19,128.20217557250402,2.0,True
2023-12-20,1044.4587870993819,2.0,True
2023-12-21,-329.4138459646309,2.0,True
2023-12-22,41.53948131076967,2.0,True
2023-12-23,-677.826703801566,2.0,True
2023-12-24,480.45674840401034,2.0,True
2023-12-25,46.473932172233184,2.0,True
2023-12-26,-40.77550092180613,2.0,True
2023-12-27,-254.43572659926394,2.0,True
2023-12-28,-82.84825963086806,2.0,True
2023-12-29,-109.95637924489242,2.0,True
2023-12-30,-101.43922987959496,2.0,True
2023-12-31,366.38632076087777,2.0,True
2024-01-01,-603.2563225459934,2.0,True
2024-01-02,-1097.222872810859,2.0,True
2024-01-03,-180.27453931209058,2.0,True
2024-01-04,-425.79118011867735,2.0,True
2024-01-05,-579.9132604898297,2.0,True
2024-01-06,-599.6914317405242,2.0,True
2024-01-07,-289.5980510364801,2.0,True
2024-01-08,-791.0120942507541,2.0,True
2024-01-09,421.6654346608453,2.0,True
2024-01-10,216.28438798659798,2.0,True
2024-01-11,-207.40516756419225,2.0,True
2024-01-12,446.7965129725662,2.0,True
2024-01-13,-668.4310066255098,2.0,True
2024-01-14,151.9316607456269,2.0,True
2024-01-15,162.5841100194255,2.0,True
2024-01-16,-495.7666871024694,2.0,True
2024-01-17,-557.0869823266131,2.0,True
2024-01-18,-228.22701776943654,2.0,True
2024-01-19,6.7052276457276605,2.0,True
2024-01-20,837.890533857464,2.0,True
2024-01-21,-504.9923876852839,2.0,True
2024-01-22,192.82118798791183,2.0,True
2024-01-23,-155.1092503987237,2.0,True
2024-01-24,-152.83660704875,2.0,True
2024-01-25,624.5043103709827,2.0,True
2024-01-26,229.1506060030637,2.0,True
2024-01-27,-305.34084156289254,2.0,True
2024-01-28,198.49760598162538,2.0,True
2024-01-29,-461.5374306754486,2.0,True
2024-01-30,-289.86168734667115,2.0,True
2024-01-31,-68.16788856248621,2.0,True
2024-02-01,221.3254307771897,2.0,True
2024-02-02,649.2307532452094,2.0,True
2024-02-03,-262.4862280933286,2.0,True
2024-02-04,87.17923276862739,2.0,True
2024-02-05,827.5324721421504,2.0,True
2024-02-06,644.0029903345326,2.0,True
2024-02-07,469.7923136406215,2.0,True
2024-02-08,409.2772619493936,2.0,True
2024-02-09,-221.03958505438425,2.0,True
2024-02-10,-79.88836507046103,2.0,True
2024-02-11,253.22276122276133,2.0,True
2024-02-12,-363.52602334884165,2.0,True
2024-02-13,-85.24370448114526,2.0,True
2024-02-14,133.51355536949794,2.0,True
2024-02-15,279.8208524366388,2.0,True
2024-02-16,-87.56680219057598,2.0,True
2024-02-17,20.17540002066299,2.0,True
2024-02-18,477.60210798132994,2.0,True
2024-02-19,161.0198611724769,2.0,True
2024-02-20,-131.09747845339612,2.0,True
2024-02-21,475.1239123297448,2.0,True
2024-02-22,-169.21296750803202,2.0,True
2024-02-23,222.27890283011442,2.0,True
2024-02-24,592.6664449121147,2.0,True
2024-02-25,115.85051512217419,2.0,True
2024-02-26,21.1257635214609,2.0,True
2024-02-27,-8.0690365054501,2.0,True
2024-02-28,238.6779215795656,2.0,True
2024-02-29,545.6561668872608,2.0,True
2024-03-01,258.13692570122134,2.0,True
2024-03-02,-6.583816839089479,2.0,True
2024-03-03,201.7010705437574,2.0,True
2024-03-04,-339.368705959213,2.0,True
2024-03-05,1336.0445433543891,2.0,True
2024-03-06,-350.8409431122387,2.0,True
2024-03-07,-82.74062060621512,2.0,True
2024-03-08,115.31012779242201,2.0,True
2024-03-09,-181.7694203253065,2.0,True
2024-03-10,-437.2822329691459,2.0,True
2024-03-11,400.0699151736472,2.0,True
2024-03-12,163.33484654794916,2.0,True
2024-03-13,57.076409523122095,2.0,True
2024-03-14,-867.8515742887953,2.0,True
2024-03-15,-1151.4042584739095,2.0,True
2024-03-16,399.9870622445103,2.0,True
2024-03-17,-810.6677318953568,2.0,True
2024-03-18,-957.2272727272727,2.0,True
2024-03-19,1092.8052141226253,2.0,True
2024-03-20,-306.21482894297924,2.0,True
2024-03-21,-146.8887013407586,2.0,True
2024-03-22,97.98564485100158,2.0,True
2024-03-23,251.94789458269827,2.0,True
2024-03-24,81.23852254956233,2.0,True
2024-03-25,133.51805520549175,2.0,True
2024-03-26,238.80302733737835,2.0,True
2024-03-27,134.02126959845629,2.0,True
2024-03-28,-1179.2724182030686,2.0,True
2024-03-29,-642.8853881020777,2.0,True
2024-03-30,27.171115007467932,2.0,True
2024-03-31,-501.9743657084766,2.0,True
2024-04-01,-516.6631158017901,2.0,True
2024-04-02,-521.2919462210962,2.0,True
2024-04-03,741.0923064691374,2.0,True
2024-04-04,88.19489787288936,2.0,True
2024-04-05,1442.8457662609608,2.0,True
2024-04-06,103.28411942336935,2.0,True
2024-04-07,404.6532590259269,2.0,True
2024-04-08,-19.321568833630437,2.0,True
2024-04-09,-233.70904459099927,2.0,True
2024-04-10,-160.82365716181522,2.0,True
2024-04-11,-1743.1076478374694,2.0,True
2024-04-12,-1475.619354959404,2.0,True
2024-04-13,633.7432235264808,2.0,True
2024-04-14,-719.75044726624,2.0,True
2024-04-15,242.94267042582328,2.0,True
2024-04-16,-659.5021143346539,2.0,True
2024-04-17,404.1150873078572,2.0,True
2024-04-18,-249.59117024195766,2.0,True
2024-04-19,872.0536386792568,2.0,True
2024-04-20,1142.0058229203357,2.0,True
2024-04-21,300.531709373111,2.0,True
2024-04-22,-66.3125847696564,2.0,True
2024-04-23,-801.907971878542,2.0,True
2024-04-24,121.53493430166941,2.0,True
2024-04-25,-647.4096381146353,2.0,True
2024-04-26,-301.1015132009529,2.0,True
2024-04-27,-168.76066083967666,2.0,True
2024-04-28,76.65333435216772,2.0,True
2024-04-29,-361.6673524995826,2.0,True
2024-04-30,0.0,0.0,False
2024-05-01,-16.30739218606047,2.0,True
2024-05-02,367.53689030152884,2.0,True
2024-05-03,-83.96190868676689,2.0,True
2024-05-04,-53.087654302464195,2.0,True
2024-05-05,-334.1649474517991,2.0,True
2024-05-06,-374.3887636483104,2.0,True
2024-05-07,26.67279389568364,2.0,True
2024-05-08,153.33001757072662,2.0,True
2024-05-09,-90.07799628635881,2.0,True
2024-05-10,389.7796654503951,2.0,True
2024-05-11,-181.25767582539342,2.0,True
2024-05-12,-385.2225501074494,2.0,True
2024-05-13,-893.8418770963866,2.0,True
2024-05-14,792.9636417964293,2.0,True
2024-05-15,13.323487858967425,2.0,True
2024-05-16,506.0212509584841,2.0,True
2024-05-17,-72.83811666116223,2.0,True
2024-05-18,-404.6527196652736,2.0,True
2024-05-19,803.111745101103,2.0,True
2024-05-20,-414.25773722666185,2.0,True
2024-05-21,-237.13944627947546,2.0,True
2024-05-22,-49.61393962320126,2.0,True
2024-05-23,30.315018564453737,2.0,True
2024-05-24,136.7481466302214,2.0,True
2024-05-25,-325.62384001268515,2.0,True
2024-05-26,351.57594716718893,2.0,True
2024-05-27,-84.37086543841319,2.0,True
2024-05-28,-281.1831929845063,2.0,True
2024-05-29,168.03391456514794,2.0,True
2024-05-30,147.51645317754938,2.0,True
2024-05-31,-62.34149427713419,2.0,True
2024-06-01,267.84335798109095,2.0,True
2024-06-02,8.71360402152211,2.0,True
2024-06-03,160.32136073012924,2.0,True
2024-06-04,172.9318870445942,2.0,True
2024-06-05,-292.7492118091394,2.0,True
2024-06-06,-563.1346605358481,2.0,True
2024-06-07,-244.92921875106185,2.0,True
2024-06-08,0.0,0.0,False
2024-06-09,-646.4344837832307,2.0,True
2024-06-10,0.0,0.0,False
2024-06-11,0.0,0.0,False
2024-06-12,0.0,0.0,False
2024-06-13,0.0,0.0,False
2024-06-14,0.0,0.0,False
2024-06-15,0.0,0.0,False
2024-06-16,0.0,0.0,False
2024-06-17,0.0,0.0,False
2024-06-18,0.0,0.0,False
2024-06-19,0.0,0.0,False
2024-06-20,0.0,0.0,False
2024-06-21,0.0,0.0,False
2024-06-22,0.0,0.0,False
2024-06-23,0.0,0.0,False
2024-06-24,0.0,0.0,False
2024-06-25,0.0,0.0,False
2024-06-26,0.0,0.0,False
2024-06-27,-537.741524851432,2.0,True
2024-06-28,0.0,0.0,False
2024-06-29,0.0,0.0,False
2024-06-30,-372.5750052514168,2.0,True
2024-07-01,501.25185170769714,2.0,True
2024-07-02,-87.22383726280458,2.0,True
2024-07-03,-927.837992657026,2.0,True
2024-07-04,0.0,0.0,False
2024-07-05,1290.930225739997,2.0,True
2024-07-06,-637.6954465550591,2.0,True
2024-07-07,1015.9291770854829,2.0,True
2024-07-08,206.44358586370947,2.0,True
2024-07-09,171.1670007710211,2.0,True
2024-07-10,-364.6080188470661,2.0,True
2024-07-11,228.75471020701275,2.0,True
2024-07-12,1712.787405245021,2.0,True
2024-07-13,313.1145956118927,2.0,True
2024-07-14,772.1629032020352,2.0,True
2024-07-15,228.63546675917968,2.0,True
2024-07-16,-265.50622131656684,2.0,True
2024-07-17,-277.74635469073417,2.0,True
2024-07-18,558.3062700835864,2.0,True
2024-07-19,-210.30302129123356,2.0,True
2024-07-20,151.49029569930883,2.0,True
2024-07-21,-432.3517300141475,2.0,True
2024-07-22,-463.28759441928133,2.0,True
2024-07-23,233.29294918145524,2.0,True
2024-07-24,-449.9980304399046,2.0,True
2024-07-25,473.8568506516963,2.0,True
2024-07-26,-38.25447547138294,2.0,True
2024-07-27,184.5068291219423,2.0,True
2024-07-28,231.22933583900294,2.0,True
2024-07-29,-234.75616983778625,2.0,True
2024-07-30,288.28284401462923,2.0,True
2024-07-31,-34.34932449896654,2.0,True
2024-08-01,-1105.5354234530016,2.0,True
2024-08-02,-97.55207047607772,2.0,True
2024-08-03,0.0,0.0,False
2024-08-04,-498.9691832211827,2.0,True
2024-08-05,1094.39894780929,2.0,True
2024-08-06,-138.00735909261263,2.0,True
2024-08-07,1958.225466262932,2.0,True
2024-08-08,29.56161822199509,2.0,True
2024-08-09,237.75098703866095,2.0,True
2024-08-10,-738.6319257930182,2.0,True
2024-08-11,863.0264223983665,2.0,True
2024-08-12,18.106018637791493,2.0,True
2024-08-13,-234.97302376586126,2.0,True
2024-08-14,-197.83952751695566,2.0,True
2024-08-15,-348.93571211343595,2.0,True
2024-08-16,0.0,0.0,False
2024-08-17,0.0,0.0,False
2024-08-18,267.8724700630411,2.0,True
2024-08-19,679.8835925931214,2.0,True
2024-08-20,267.84146341463446,2.0,True
2024-08-21,0.0,0.0,False
2024-08-22,0.0,0.0,False
2024-08-23,0.0,0.0,False
2024-08-24,-743.9848573628386,2.0,True
2024-08-25,-327.346913889994,2.0,True
2024-08-26,-1139.4744555273742,2.0,True
2024-08-27,-542.7697640761634,2.0,True
2024-08-28,-103.31265052958759,2.0,True
2024-08-29,0.0,0.0,False
2024-08-30,0.0,0.0,False
2024-08-31,0.0,0.0,False
2024-09-01,0.0,0.0,False
2024-09-02,0.0,0.0,False
2024-09-03,0.0,0.0,False
2024-09-04,0.0,0.0,False
2024-09-05,0.0,0.0,False
2024-09-06,0.0,0.0,False
2024-09-07,0.0,0.0,False
2024-09-08,0.0,0.0,False
2024-09-09,0.0,0.0,False
2024-09-10,0.0,0.0,False
2024-09-11,0.0,0.0,False
2024-09-12,0.0,0.0,False
2024-09-13,0.0,0.0,False
2024-09-14,0.0,0.0,False
2024-09-15,0.0,0.0,False
2024-09-16,0.0,0.0,False
2024-09-17,0.0,0.0,False
2024-09-18,0.0,0.0,False
2024-09-19,0.0,0.0,False
2024-09-20,0.0,0.0,False
2024-09-21,0.0,0.0,False
2024-09-22,0.0,0.0,False
2024-09-23,0.0,0.0,False
2024-09-24,0.0,0.0,False
2024-09-25,0.0,0.0,False
2024-09-26,0.0,0.0,False
2024-09-27,36.8478717884776,2.0,True
2024-09-28,0.0,0.0,False
2024-09-29,-432.2899269700007,2.0,True
2024-09-30,-1249.4524783471693,2.0,True
2024-10-01,-225.09664489891642,2.0,True
2024-10-02,0.0,0.0,False
2024-10-03,0.0,0.0,False
2024-10-04,0.0,0.0,False
2024-10-05,0.0,0.0,False
2024-10-06,0.0,0.0,False
2024-10-07,0.0,0.0,False
2024-10-08,0.0,0.0,False
2024-10-09,0.0,0.0,False
2024-10-10,0.0,0.0,False
2024-10-11,0.0,0.0,False
2024-10-12,0.0,0.0,False
2024-10-13,0.0,0.0,False
2024-10-14,-263.271130389364,2.0,True
2024-10-15,0.0,0.0,False
2024-10-16,0.0,0.0,False
2024-10-17,0.0,0.0,False
2024-10-18,0.0,0.0,False
2024-10-19,0.0,0.0,False
2024-10-20,-401.7955302446472,2.0,True
2024-10-21,69.24073461146452,2.0,True
2024-10-22,-464.46402426309186,2.0,True
2024-10-23,99.27211999930431,2.0,True
2024-10-24,-949.7302752957357,2.0,True
2024-10-25,305.65049020541824,2.0,True
2024-10-26,301.0774244218253,2.0,True
2024-10-27,17.028692057818546,2.0,True
2024-10-28,1203.4738629637768,2.0,True
2024-10-29,-233.309627981895,2.0,True
2024-10-30,-494.8501238779732,2.0,True
2024-10-31,-321.57002633528475,2.0,True
2024-11-01,0.0,0.0,False
2024-11-02,-130.98242323308673,2.0,True
2024-11-03,0.0,0.0,False
2024-11-04,0.0,0.0,False
2024-11-05,854.8566483217348,2.0,True
2024-11-06,-426.6079972447776,2.0,True
2024-11-07,-202.53987393569628,2.0,True
2024-11-08,979.1955762933138,2.0,True
2024-11-09,223.22337154451444,2.0,True
2024-11-10,1662.8895876356412,2.0,True
2024-11-11,-1008.159524454174,2.0,True
2024-11-12,-790.9019494596157,2.0,True
2024-11-13,0.0,0.0,False
2024-11-14,412.8093681974534,2.0,True
2024-11-15,783.9324693374697,2.0,True
2024-11-16,0.0,0.0,False
2024-11-17,679.3085547048031,2.0,True
2024-11-18,-235.1903280758597,2.0,True
2024-11-19,-249.00705160463588,2.0,True
2024-11-20,1442.974353760387,2.0,True
2024-11-21,76.63608801056233,2.0,True
2024-11-22,482.66502827451507,2.0,True
2024-11-23,438.3022137284745,2.0,True
2024-11-24,-235.0327191222621,2.0,True
2024-11-25,-314.2602771905104,2.0,True
2024-11-26,1436.67400539107,2.0,True
2024-11-27,-172.34119727879835,2.0,True
2024-11-28,390.16841936837324,2.0,True
2024-11-29,1239.6167945967177,2.0,True
2024-11-30,363.04120892570535,2.0,True
2024-12-01,171.9446921670367,2.0,True
2024-12-02,0.0,0.0,False
2024-12-03,-12.83993847165965,2.0,True
2024-12-04,0.0,0.0,False
2024-12-05,1020.0619213580877,2.0,True
2024-12-06,0.0,0.0,False
2024-12-07,0.0,0.0,False
2024-12-08,0.0,0.0,False
2024-12-09,0.0,0.0,False
2024-12-10,0.0,0.0,False
2024-12-11,0.0,0.0,False
2024-12-12,0.0,0.0,False
2024-12-13,0.0,0.0,False
2024-12-14,0.0,0.0,False
2024-12-15,0.0,0.0,False
2024-12-16,0.0,0.0,False
2024-12-17,0.0,0.0,False
2024-12-18,0.0,0.0,False
2024-12-19,0.0,0.0,False
2024-12-20,0.0,0.0,False
2024-12-21,0.0,0.0,False
2024-12-22,0.0,0.0,False
2024-12-23,0.0,0.0,False
2024-12-24,0.0,0.0,False
2024-12-25,0.0,0.0,False
2024-12-26,0.0,0.0,False
2024-12-27,0.0,0.0,False
2024-12-28,0.0,0.0,False
2024-12-29,0.0,0.0,False
2024-12-30,0.0,0.0,False
2024-12-31,0.0,0.0,False
2025-01-01,0.0,0.0,False
2025-01-02,0.0,0.0,False
2025-01-03,0.0,0.0,False
2025-01-04,0.0,0.0,False
2025-01-05,0.0,0.0,False
2025-01-06,0.0,0.0,False
2025-01-07,0.0,0.0,False
2025-01-08,0.0,0.0,False
2025-01-09,0.0,0.0,False
2025-01-10,0.0,0.0,False
2025-01-11,0.0,0.0,False
2025-01-12,0.0,0.0,False
2025-01-13,0.0,0.0,False
2025-01-14,0.0,0.0,False
2025-01-15,0.0,0.0,False
2025-01-16,0.0,0.0,False
2025-01-17,0.0,0.0,False
2025-01-18,-1065.9862133743018,2.0,True
2025-01-19,-153.91630565562951,2.0,True
2025-01-20,389.7759332950193,2.0,True
2025-01-21,-345.9811121946102,2.0,True
2025-01-22,29.92913170194923,2.0,True
2025-01-23,-183.343697863955,2.0,True
2025-01-24,1491.0788296194014,2.0,True
2025-01-25,-426.59631266048245,2.0,True
2025-01-26,-232.01287548025394,2.0,True
2025-01-27,0.0,0.0,False
2025-01-28,0.0,0.0,False
2025-01-29,0.0,0.0,False
2025-01-30,0.0,0.0,False
2025-01-31,0.0,0.0,False
2025-02-01,0.0,0.0,False
2025-02-02,0.0,0.0,False
2025-02-03,0.0,0.0,False
2025-02-04,0.0,0.0,False
2025-02-05,0.0,0.0,False
2025-02-06,0.0,0.0,False
2025-02-07,0.0,0.0,False
2025-02-08,0.0,0.0,False
2025-02-09,0.0,0.0,False
2025-02-10,0.0,0.0,False
2025-02-11,0.0,0.0,False
2025-02-12,0.0,0.0,False
2025-02-13,0.0,0.0,False
2025-02-14,0.0,0.0,False
2025-02-15,0.0,0.0,False
2025-02-16,0.0,0.0,False
2025-02-17,0.0,0.0,False
2025-02-18,0.0,0.0,False
2025-02-19,0.0,0.0,False
2025-02-20,0.0,0.0,False
2025-02-21,0.0,0.0,False
2025-02-22,0.0,0.0,False
2025-02-23,0.0,0.0,False
2025-02-24,0.0,0.0,False
2025-02-25,0.0,0.0,False
2025-02-26,0.0,0.0,False
2025-02-27,0.0,0.0,False
2025-02-28,0.0,0.0,False
2025-03-01,0.0,0.0,False
2025-03-02,0.0,0.0,False
2025-03-03,0.0,0.0,False
2025-03-04,0.0,0.0,False
2025-03-05,0.0,0.0,False
2025-03-06,0.0,0.0,False
2025-03-07,0.0,0.0,False
2025-03-08,0.0,0.0,False
2025-03-09,0.0,0.0,False
2025-03-10,0.0,0.0,False
2025-03-11,0.0,0.0,False
2025-03-12,0.0,0.0,False
2025-03-13,0.0,0.0,False
2025-03-14,0.0,0.0,False
2025-03-15,0.0,0.0,False
2025-03-16,0.0,0.0,False
2025-03-17,0.0,0.0,False
2025-03-18,0.0,0.0,False
2025-03-19,0.0,0.0,False
2025-03-20,0.0,0.0,False
2025-03-21,0.0,0.0,False
2025-03-22,0.0,0.0,False
2025-03-23,0.0,0.0,False
2025-03-24,0.0,0.0,False
2025-03-25,0.0,0.0,False
2025-03-26,0.0,0.0,False
2025-03-27,0.0,0.0,False
2025-03-28,0.0,0.0,False
2025-03-29,0.0,0.0,False
2025-03-30,0.0,0.0,False
2025-03-31,0.0,0.0,False
2025-04-01,0.0,0.0,False
2025-04-02,0.0,0.0,False
2025-04-03,0.0,0.0,False
2025-04-04,0.0,0.0,False
2025-04-05,0.0,0.0,False
2025-04-06,0.0,0.0,False
2025-04-07,0.0,0.0,False
2025-04-08,0.0,0.0,False
2025-04-09,0.0,0.0,False
2025-04-10,0.0,0.0,False
2025-04-11,0.0,0.0,False
2025-04-12,0.0,0.0,False
2025-04-13,0.0,0.0,False
2025-04-14,0.0,0.0,False
2025-04-15,0.0,0.0,False
2025-04-16,0.0,0.0,False
2025-04-17,0.0,0.0,False
2025-04-18,0.0,0.0,False
2025-04-19,0.0,0.0,False
2025-04-20,0.0,0.0,False
2025-04-21,0.0,0.0,False
2025-04-22,0.0,0.0,False
2025-04-23,0.0,0.0,False
2025-04-24,0.0,0.0,False
2025-04-25,0.0,0.0,False
2025-04-26,0.0,0.0,False
2025-04-27,0.0,0.0,False
2025-04-28,0.0,0.0,False
2025-04-29,0.0,0.0,False
2025-04-30,0.0,0.0,False
2025-05-01,0.0,0.0,False
2025-05-02,0.0,0.0,False
2025-05-03,0.0,0.0,False
2025-05-04,0.0,0.0,False
2025-05-05,0.0,0.0,False
2025-05-06,0.0,0.0,False
2025-05-07,0.0,0.0,False
2025-05-08,0.0,0.0,False
2025-05-09,0.0,0.0,False
2025-05-10,0.0,0.0,False
2025-05-11,0.0,0.0,False
2025-05-12,0.0,0.0,False
2025-05-13,0.0,0.0,False
2025-05-14,0.0,0.0,False
2025-05-15,0.0,0.0,False
2025-05-16,0.0,0.0,False
2025-05-17,0.0,0.0,False
2025-05-18,0.0,0.0,False
2025-05-19,0.0,0.0,False
2025-05-20,0.0,0.0,False
2025-05-21,0.0,0.0,False
2025-05-22,0.0,0.0,False
2025-05-23,0.0,0.0,False
2025-05-24,0.0,0.0,False
2025-05-25,0.0,0.0,False
2025-05-26,0.0,0.0,False
2025-05-27,0.0,0.0,False
2025-05-28,0.0,0.0,False
2025-05-29,0.0,0.0,False
2025-05-30,0.0,0.0,False
2025-05-31,0.0,0.0,False
2025-06-01,0.0,0.0,False
2025-06-02,0.0,0.0,False
2025-06-03,0.0,0.0,False
2025-06-04,0.0,0.0,False
2025-06-05,0.0,0.0,False
2025-06-06,0.0,0.0,False
2025-06-07,0.0,0.0,False
2025-06-08,0.0,0.0,False
2025-06-09,0.0,0.0,False
2025-06-10,0.0,0.0,False
2025-06-11,0.0,0.0,False
2025-06-12,0.0,0.0,False
2025-06-13,0.0,0.0,False
2025-06-14,0.0,0.0,False
2025-06-15,0.0,0.0,False
2025-06-16,0.0,0.0,False
2025-06-17,0.0,0.0,False
2025-06-18,0.0,0.0,False
2025-06-19,0.0,0.0,False
2025-06-20,0.0,0.0,False
2025-06-21,0.0,0.0,False
2025-06-22,0.0,0.0,False
2025-06-23,0.0,0.0,False
2025-06-24,0.0,0.0,False
2025-06-25,0.0,0.0,False
2025-06-26,0.0,0.0,False
2025-06-27,0.0,0.0,False
2025-06-28,0.0,0.0,False
2025-06-29,0.0,0.0,False
2025-06-30,0.0,0.0,False
2025-07-01,0.0,0.0,False
2025-07-02,0.0,0.0,False
2025-07-03,0.0,0.0,False
2025-07-04,0.0,0.0,False
2025-07-05,0.0,0.0,False
2025-07-06,0.0,0.0,False
2025-07-07,0.0,0.0,False
2025-07-08,0.0,0.0,False
2025-07-09,0.0,0.0,False
2025-07-10,0.0,0.0,False
2025-07-11,0.0,0.0,False
2025-07-12,0.0,0.0,False
2025-07-13,0.0,0.0,False
2025-07-14,0.0,0.0,False
2025-07-15,0.0,0.0,False
2025-07-16,0.0,0.0,False
2025-07-17,0.0,0.0,False
2025-07-18,0.0,0.0,False
2025-07-19,0.0,0.0,False
2025-07-20,0.0,0.0,False
2025-07-21,-53.030526057829306,2.0,True
2025-07-22,-590.3401139780393,2.0,True
2025-07-23,0.0,0.0,False
2025-07-24,0.0,0.0,False
2025-07-25,0.0,0.0,False
2025-07-26,0.0,0.0,False
2025-07-27,0.0,0.0,False
2025-07-28,0.0,0.0,False
2025-07-29,0.0,0.0,False
2025-07-30,0.0,0.0,False
2025-07-31,0.0,0.0,False
2025-08-01,0.0,0.0,False
2025-08-02,0.0,0.0,False
2025-08-03,0.0,0.0,False
2025-08-04,0.0,0.0,False
2025-08-05,0.0,0.0,False
2025-08-06,0.0,0.0,False
2025-08-07,0.0,0.0,False
2025-08-08,0.0,0.0,False
2025-08-09,-54.593140819178316,2.0,True
2025-08-10,0.0,0.0,False
2025-08-11,0.0,0.0,False
2025-08-12,961.0117842091372,2.0,True
2025-08-13,-939.5936706089317,2.0,True
2025-08-14,-153.5363010038352,2.0,True
2025-08-15,198.63595183126606,2.0,True
2025-08-16,65.33589792178574,2.0,True
2025-08-17,-393.6296964100503,2.0,True
2025-08-18,-992.7947379517325,2.0,True
2025-08-19,511.2703480053707,2.0,True
2025-08-20,167.0632772320459,2.0,True
2025-08-21,1028.0992183318397,2.0,True
2025-08-22,-358.5842054847741,2.0,True
2025-08-23,-600.0232758357353,2.0,True
2025-08-24,-858.8544431871674,2.0,True
2025-08-25,374.2324068574767,2.0,True
2025-08-26,-615.7623589495513,2.0,True
2025-08-27,52.097703714725455,2.0,True
2025-08-28,-561.8662849867926,2.0,True
2025-08-29,30.108583749710817,2.0,True
2025-08-30,378.574155868411,2.0,True
2025-08-31,-218.1263303501122,2.0,True
2025-09-01,528.6816873752556,2.0,True
2025-09-02,35.633205867453796,2.0,True
2025-09-03,-515.9689391476666,2.0,True
2025-09-04,124.31714343329705,2.0,True
2025-09-05,-125.86332483030127,2.0,True
2025-09-06,338.17505303204956,2.0,True
2025-09-07,472.4802749122072,2.0,True
2025-09-08,-305.9186685690799,2.0,True
2025-09-09,-40.313548834220214,2.0,True
2025-09-10,245.6294481863144,2.0,True
2025-09-11,5.0152751370582465,2.0,True
2025-09-12,118.44177247893629,2.0,True
2025-09-13,18.611594919773722,2.0,True
2025-09-14,-539.5952946679764,2.0,True
2025-09-15,228.06276170070382,2.0,True
2025-09-16,-9.806250888041205,2.0,True
2025-09-17,-205.47177891571545,2.0,True
2025-09-18,-467.72056049646494,2.0,True
2025-09-19,45.269887750122535,2.0,True
2025-09-20,395.362841875653,2.0,True
2025-09-21,-901.9255732322376,2.0,True
2025-09-22,-115.19082138806958,2.0,True
2025-09-23,169.6899119468589,2.0,True
2025-09-24,-984.0964865792355,2.0,True
2025-09-25,715.8992263933741,2.0,True
2025-09-26,321.929639574309,2.0,True
2025-09-27,198.35343459533107,2.0,True
2025-09-28,-174.62988580803008,2.0,True
2025-09-29,416.5513328054906,2.0,True
2025-09-30,400.82065239628895,2.0,True
2025-10-01,-467.29922245020794,2.0,True
2025-10-02,125.99353252008139,2.0,True
2025-10-03,-502.7803128509975,2.0,True
2025-10-04,641.8055259146296,2.0,True
2025-10-05,512.5157866086008,2.0,True
2025-10-06,-406.3407205364248,2.0,True
2025-10-07,-101.21824213355478,2.0,True
2025-10-08,-652.7781776670092,2.0,True
2025-10-09,-3461.851498606566,2.0,True
2025-10-10,538.8504133791962,2.0,True
2025-10-11,0.0,0.0,False
2025-10-12,111.36394781372317,2.0,True
2025-10-13,-259.39198110091854,2.0,True
2025-10-14,360.36663689169046,2.0,True
2025-10-15,-524.4103980475354,2.0,True
2025-10-16,-255.87294384571723,2.0,True
2025-10-17,165.6745911788168,2.0,True
2025-10-18,-319.88581862639734,2.0,True
2025-10-19,-296.1603887386963,2.0,True
2025-10-20,47.21092877395054,2.0,True
2025-10-21,-434.66065713169996,2.0,True
2025-10-22,343.2675547102717,2.0,True
2025-10-23,-168.7070614692685,2.0,True
2025-10-24,-370.5579322504852,2.0,True
2025-10-25,387.0958171109975,2.0,True
2025-10-26,202.2194825881387,2.0,True
2025-10-27,-125.66672023139913,2.0,True
2025-10-28,-172.34540627214443,2.0,True
2025-10-29,-1093.525508525318,2.0,True
2025-10-30,1010.5663259529176,2.0,True
2025-10-31,-36.29475198459886,2.0,True
2025-11-01,-329.1922463836736,2.0,True
2025-11-02,-966.8885600123288,2.0,True
2025-11-03,0.0,0.0,False
2025-11-04,0.0,0.0,False
2025-11-05,0.0,0.0,False
2025-11-06,0.0,0.0,False
2025-11-07,0.0,0.0,False
2025-11-08,0.0,0.0,False
2025-11-09,0.0,0.0,False
2025-11-10,0.0,0.0,False
2025-11-11,0.0,0.0,False
2025-11-12,0.0,0.0,False
2025-11-13,0.0,0.0,False
2025-11-14,0.0,0.0,False
2025-11-15,0.0,0.0,False
2025-11-16,0.0,0.0,False
2025-11-17,0.0,0.0,False
2025-11-18,0.0,0.0,False
2025-11-19,0.0,0.0,False
2025-11-20,0.0,0.0,False
2025-11-21,0.0,0.0,False
2025-11-22,0.0,0.0,False
2025-11-23,0.0,0.0,False
2025-11-24,0.0,0.0,False
2025-11-25,0.0,0.0,False
2025-11-26,0.0,0.0,False
2025-11-27,0.0,0.0,False
2025-11-28,0.0,0.0,False
2025-11-29,0.0,0.0,False
2025-11-30,0.0,0.0,False
2025-12-01,0.0,0.0,False
2025-12-02,0.0,0.0,False
2025-12-03,0.0,0.0,False
2025-12-04,0.0,0.0,False
2025-12-05,0.0,0.0,False
2025-12-06,0.0,0.0,False
2025-12-07,0.0,0.0,False
2025-12-08,0.0,0.0,False
2025-12-09,0.0,0.0,False
2025-12-10,0.0,0.0,False
2025-12-11,0.0,0.0,False
2025-12-12,0.0,0.0,False
2025-12-13,0.0,0.0,False
2025-12-14,0.0,0.0,False
2025-12-15,0.0,0.0,False
2025-12-16,0.0,0.0,False
2025-12-17,0.0,0.0,False
2025-12-18,0.0,0.0,False
2025-12-19,0.0,0.0,False
2025-12-20,0.0,0.0,False
2025-12-21,0.0,0.0,False
2025-12-22,0.0,0.0,False
2025-12-23,0.0,0.0,False
2025-12-24,0.0,0.0,False
2025-12-25,0.0,0.0,False
2025-12-26,0.0,0.0,False
2025-12-27,0.0,0.0,False
2025-12-28,0.0,0.0,False
2025-12-29,0.0,0.0,False
2025-12-30,0.0,0.0,False
2025-12-31,0.0,0.0,False
2026-01-01,0.0,0.0,False
2026-01-02,0.0,0.0,False
2026-01-03,0.0,0.0,False
2026-01-04,0.0,0.0,False
2026-01-05,0.0,0.0,False
2026-01-06,0.0,0.0,False
2026-01-07,0.0,0.0,False
2026-01-08,0.0,0.0,False
2026-01-09,0.0,0.0,False
2026-01-10,0.0,0.0,False
2026-01-11,0.0,0.0,False
2026-01-12,0.0,0.0,False
2026-01-13,0.0,0.0,False
2026-01-14,0.0,0.0,False
2026-01-15,0.0,0.0,False
2026-01-16,0.0,0.0,False
2026-01-17,0.0,0.0,False
2026-01-18,0.0,0.0,False
2026-01-19,0.0,0.0,False
2026-01-20,0.0,0.0,False
2026-01-21,0.0,0.0,False
2026-01-22,0.0,0.0,False
2026-01-23,0.0,0.0,False
2026-01-24,0.0,0.0,False
2026-01-25,0.0,0.0,False
2026-01-26,0.0,0.0,False
2026-01-27,0.0,0.0,False
2026-01-28,0.0,0.0,False
2026-01-29,0.0,0.0,False
2026-01-30,0.0,0.0,False
2026-01-31,0.0,0.0,False
2026-02-01,0.0,0.0,False
2026-02-02,0.0,0.0,False
2026-02-03,0.0,0.0,False
2026-02-04,0.0,0.0,False
2026-02-05,0.0,0.0,False
2026-02-06,0.0,0.0,False
2026-02-07,0.0,0.0,False
2026-02-08,0.0,0.0,False
2026-02-09,0.0,0.0,False
2026-02-10,0.0,0.0,False
2026-02-11,0.0,0.0,False
2026-02-12,0.0,0.0,False
2026-02-13,0.0,0.0,False
2026-02-14,0.0,0.0,False
2026-02-15,0.0,0.0,False
2026-02-16,0.0,0.0,False
2026-02-17,0.0,0.0,False
2026-02-18,0.0,0.0,False
2026-02-19,0.0,0.0,False
2026-02-20,0.0,0.0,False
2026-02-21,0.0,0.0,False
2026-02-22,0.0,0.0,False
2026-02-23,0.0,0.0,False
2026-02-24,0.0,0.0,False
2026-02-25,0.0,0.0,False
2026-02-26,0.0,0.0,False
2026-02-27,0.0,0.0,False
2026-02-28,0.0,0.0,False
2026-03-01,0.0,0.0,False
2026-03-02,0.0,0.0,False
2026-03-03,0.0,0.0,False
2026-03-04,0.0,0.0,False
2026-03-05,0.0,0.0,False
2026-03-06,0.0,0.0,False
2026-03-07,0.0,0.0,False
2026-03-08,0.0,0.0,False
2026-03-09,0.0,0.0,False
2026-03-10,0.0,0.0,False
2026-03-11,0.0,0.0,False
2026-03-12,0.0,0.0,False
2026-03-13,0.0,0.0,False
2026-03-14,0.0,0.0,False
2026-03-15,0.0,0.0,False
2026-03-16,0.0,0.0,False
2026-03-17,0.0,0.0,False
2026-03-18,0.0,0.0,False
2026-03-19,0.0,0.0,False
2026-03-20,0.0,0.0,False
2026-03-21,0.0,0.0,False
2026-03-22,0.0,0.0,False
2026-03-23,0.0,0.0,False
2026-03-24,0.0,0.0,False
2026-03-25,0.0,0.0,False
2026-03-26,0.0,0.0,False
2026-03-27,0.0,0.0,False
2026-03-28,0.0,0.0,False
2026-03-29,0.0,0.0,False
2026-03-30,0.0,0.0,False
2026-03-31,0.0,0.0,False
2026-04-01,0.0,0.0,False
2026-04-02,0.0,0.0,False
2026-04-03,0.0,0.0,False
2026-04-04,0.0,0.0,False
2026-04-05,0.0,0.0,False
2026-04-06,0.0,0.0,False
2026-04-07,0.0,0.0,False
2026-04-08,0.0,0.0,False
2026-04-09,0.0,0.0,False
2026-04-10,0.0,0.0,False
2026-04-11,0.0,0.0,False
2026-04-12,0.0,0.0,False
2026-04-13,0.0,0.0,False
2026-04-14,0.0,0.0,False
2026-04-15,0.0,0.0,False
2026-04-16,0.0,0.0,False
2026-04-17,0.0,0.0,False
2026-04-18,0.0,0.0,False
2026-04-19,0.0,0.0,False
2026-04-20,0.0,0.0,False
2026-04-21,0.0,0.0,False
2026-04-22,0.0,0.0,False
2026-04-23,0.0,0.0,False
2026-04-24,0.0,0.0,False
2026-04-25,0.0,0.0,False
2026-04-26,0.0,0.0,False
2026-04-27,0.0,0.0,False
2026-04-28,0.0,0.0,False
2026-04-29,0.0,0.0,False
2026-04-30,0.0,0.0,False
2026-05-01,0.0,0.0,False
2026-05-02,0.0,0.0,False
2026-05-03,0.0,0.0,False
2026-05-04,0.0,0.0,False
2026-05-05,0.0,0.0,False
2026-05-06,0.0,0.0,False
2026-05-07,0.0,0.0,False
2026-05-08,0.0,0.0,False
2026-05-09,0.0,0.0,False
2026-05-10,0.0,0.0,False
2026-05-11,0.0,0.0,False
2026-05-12,0.0,0.0,False
2026-05-13,0.0,0.0,False
2026-05-14,0.0,0.0,False
2026-05-15,0.0,0.0,False
2026-05-16,0.0,0.0,False
2026-05-17,0.0,0.0,False
2026-05-18,0.0,0.0,False
2026-05-19,0.0,0.0,False
2026-05-20,0.0,0.0,False
2026-05-21,0.0,0.0,False
2026-05-22,0.0,0.0,False
2026-05-23,0.0,0.0,False
